path	@id	schema
/additionalParameters		https://ogcincubator.github.io/bblocks-ogcapi-processes/build/annotated/api/processes/v1/schemas/descriptionType/schema.yaml
/additionalParameters/href		https://ogcincubator.github.io/bblocks-ogcapi-processes/build/annotated/api/processes/v1/schemas/metadata/schema.yaml
/additionalParameters/role		https://ogcincubator.github.io/bblocks-ogcapi-processes/build/annotated/api/processes/v1/schemas/metadata/schema.yaml
/additionalParameters/title		https://ogcincubator.github.io/bblocks-ogcapi-processes/build/annotated/api/processes/v1/schemas/metadata/schema.yaml
/additionalParameters/parameters		https://ogcincubator.github.io/bblocks-ogcapi-processes/build/annotated/api/processes/v1/schemas/descriptionType/schema.yaml
/additionalParameters/parameters/name		https://ogcincubator.github.io/bblocks-ogcapi-processes/build/annotated/api/processes/v1/schemas/additionalParameter/schema.yaml
/additionalParameters/parameters/value		https://ogcincubator.github.io/bblocks-ogcapi-processes/build/annotated/api/processes/v1/schemas/additionalParameter/schema.yaml
/description		https://ogcincubator.github.io/bblocks-ogcapi-processes/build/annotated/api/processes/v1/schemas/descriptionType/schema.yaml
/keywords		https://ogcincubator.github.io/bblocks-ogcapi-processes/build/annotated/api/processes/v1/schemas/descriptionType/schema.yaml
/metadata		https://ogcincubator.github.io/bblocks-ogcapi-processes/build/annotated/api/processes/v1/schemas/descriptionType/schema.yaml
/title		https://ogcincubator.github.io/bblocks-ogcapi-processes/build/annotated/api/processes/v1/schemas/descriptionType/schema.yaml
/maxOccurs	https://w3id.org/ogc/api/processes/maxOccurs	https://ogcincubator.github.io/bblocks-ogcapi-processes/build/annotated/api/processes/v1/schemas/inputDescription/schema.yaml
/minOccurs	https://w3id.org/ogc/api/processes/minOccurs	https://ogcincubator.github.io/bblocks-ogcapi-processes/build/annotated/api/processes/v1/schemas/inputDescription/schema.yaml
/schema	https://w3id.org/ogc/api/processes/schema	https://ogcincubator.github.io/bblocks-ogcapi-processes/build/annotated/api/processes/v1/schemas/inputDescription/schema.yaml
/schema/_oneOf/0/$ref		https://ogcincubator.github.io/bblocks-ogcapi-processes/build/annotated/api/processes/v1/schemas/reference/schema.yaml
/schema/_oneOf/1/additionalProperties		https://ogcincubator.github.io/bblocks-ogcapi-processes/build/annotated/api/processes/v1/schemas/schema/schema.yaml
/schema/_oneOf/1/allOf		https://ogcincubator.github.io/bblocks-ogcapi-processes/build/annotated/api/processes/v1/schemas/schema/schema.yaml
/schema/_oneOf/1/anyOf		https://ogcincubator.github.io/bblocks-ogcapi-processes/build/annotated/api/processes/v1/schemas/schema/schema.yaml
/schema/_oneOf/1/contentEncoding		https://ogcincubator.github.io/bblocks-ogcapi-processes/build/annotated/api/processes/v1/schemas/schema/schema.yaml
/schema/_oneOf/1/contentMediaType		https://ogcincubator.github.io/bblocks-ogcapi-processes/build/annotated/api/processes/v1/schemas/schema/schema.yaml
/schema/_oneOf/1/contentSchema		https://ogcincubator.github.io/bblocks-ogcapi-processes/build/annotated/api/processes/v1/schemas/schema/schema.yaml
/schema/_oneOf/1/default		https://ogcincubator.github.io/bblocks-ogcapi-processes/build/annotated/api/processes/v1/schemas/schema/schema.yaml
/schema/_oneOf/1/deprecated		https://ogcincubator.github.io/bblocks-ogcapi-processes/build/annotated/api/processes/v1/schemas/schema/schema.yaml
/schema/_oneOf/1/description		https://ogcincubator.github.io/bblocks-ogcapi-processes/build/annotated/api/processes/v1/schemas/schema/schema.yaml
/schema/_oneOf/1/enum		https://ogcincubator.github.io/bblocks-ogcapi-processes/build/annotated/api/processes/v1/schemas/schema/schema.yaml
/schema/_oneOf/1/example		https://ogcincubator.github.io/bblocks-ogcapi-processes/build/annotated/api/processes/v1/schemas/schema/schema.yaml
/schema/_oneOf/1/exclusiveMaximum		https://ogcincubator.github.io/bblocks-ogcapi-processes/build/annotated/api/processes/v1/schemas/schema/schema.yaml
/schema/_oneOf/1/exclusiveMinimum		https://ogcincubator.github.io/bblocks-ogcapi-processes/build/annotated/api/processes/v1/schemas/schema/schema.yaml
/schema/_oneOf/1/format		https://ogcincubator.github.io/bblocks-ogcapi-processes/build/annotated/api/processes/v1/schemas/schema/schema.yaml
/schema/_oneOf/1/items		https://ogcincubator.github.io/bblocks-ogcapi-processes/build/annotated/api/processes/v1/schemas/schema/schema.yaml
/schema/_oneOf/1/maxItems		https://ogcincubator.github.io/bblocks-ogcapi-processes/build/annotated/api/processes/v1/schemas/schema/schema.yaml
/schema/_oneOf/1/maxLength		https://ogcincubator.github.io/bblocks-ogcapi-processes/build/annotated/api/processes/v1/schemas/schema/schema.yaml
/schema/_oneOf/1/maxProperties		https://ogcincubator.github.io/bblocks-ogcapi-processes/build/annotated/api/processes/v1/schemas/schema/schema.yaml
/schema/_oneOf/1/maximum		https://ogcincubator.github.io/bblocks-ogcapi-processes/build/annotated/api/processes/v1/schemas/schema/schema.yaml
/schema/_oneOf/1/minItems		https://ogcincubator.github.io/bblocks-ogcapi-processes/build/annotated/api/processes/v1/schemas/schema/schema.yaml
/schema/_oneOf/1/minLength		https://ogcincubator.github.io/bblocks-ogcapi-processes/build/annotated/api/processes/v1/schemas/schema/schema.yaml
/schema/_oneOf/1/minProperties		https://ogcincubator.github.io/bblocks-ogcapi-processes/build/annotated/api/processes/v1/schemas/schema/schema.yaml
/schema/_oneOf/1/minimum		https://ogcincubator.github.io/bblocks-ogcapi-processes/build/annotated/api/processes/v1/schemas/schema/schema.yaml
/schema/_oneOf/1/multipleOf		https://ogcincubator.github.io/bblocks-ogcapi-processes/build/annotated/api/processes/v1/schemas/schema/schema.yaml
/schema/_oneOf/1/not		https://ogcincubator.github.io/bblocks-ogcapi-processes/build/annotated/api/processes/v1/schemas/schema/schema.yaml
/schema/_oneOf/1/nullable		https://ogcincubator.github.io/bblocks-ogcapi-processes/build/annotated/api/processes/v1/schemas/schema/schema.yaml
/schema/_oneOf/1/oneOf		https://ogcincubator.github.io/bblocks-ogcapi-processes/build/annotated/api/processes/v1/schemas/schema/schema.yaml
/schema/_oneOf/1/pattern		https://ogcincubator.github.io/bblocks-ogcapi-processes/build/annotated/api/processes/v1/schemas/schema/schema.yaml
/schema/_oneOf/1/properties		https://ogcincubator.github.io/bblocks-ogcapi-processes/build/annotated/api/processes/v1/schemas/schema/schema.yaml
/schema/_oneOf/1/readOnly		https://ogcincubator.github.io/bblocks-ogcapi-processes/build/annotated/api/processes/v1/schemas/schema/schema.yaml
/schema/_oneOf/1/required		https://ogcincubator.github.io/bblocks-ogcapi-processes/build/annotated/api/processes/v1/schemas/schema/schema.yaml
/schema/_oneOf/1/title		https://ogcincubator.github.io/bblocks-ogcapi-processes/build/annotated/api/processes/v1/schemas/schema/schema.yaml
/schema/_oneOf/1/type		https://ogcincubator.github.io/bblocks-ogcapi-processes/build/annotated/api/processes/v1/schemas/schema/schema.yaml
/schema/_oneOf/1/uniqueItems		https://ogcincubator.github.io/bblocks-ogcapi-processes/build/annotated/api/processes/v1/schemas/schema/schema.yaml
/schema/_oneOf/1/writeOnly		https://ogcincubator.github.io/bblocks-ogcapi-processes/build/annotated/api/processes/v1/schemas/schema/schema.yaml
/dataset		https://raw.githubusercontent.com/Geonovum-labs/ospd-dtaas-register/undefined/build/annotated/dtaas/ogcapi/processes/schemas/localoutlier/inputDescription/schema.yaml
/dataset/title		https://raw.githubusercontent.com/Geonovum-labs/ospd-dtaas-register/undefined/build/annotated/dtaas/ogcapi/processes/schemas/localoutlier/inputDescription/schema.yaml
/dataset/description		https://raw.githubusercontent.com/Geonovum-labs/ospd-dtaas-register/undefined/build/annotated/dtaas/ogcapi/processes/schemas/localoutlier/inputDescription/schema.yaml
/dataset/minOccurs		https://raw.githubusercontent.com/Geonovum-labs/ospd-dtaas-register/undefined/build/annotated/dtaas/ogcapi/processes/schemas/localoutlier/inputDescription/schema.yaml
/dataset/maxOccurs		https://raw.githubusercontent.com/Geonovum-labs/ospd-dtaas-register/undefined/build/annotated/dtaas/ogcapi/processes/schemas/localoutlier/inputDescription/schema.yaml
/dataset/schema		https://raw.githubusercontent.com/Geonovum-labs/ospd-dtaas-register/undefined/build/annotated/dtaas/ogcapi/processes/schemas/localoutlier/inputDescription/schema.yaml
/n_neighbors		https://raw.githubusercontent.com/Geonovum-labs/ospd-dtaas-register/undefined/build/annotated/dtaas/ogcapi/processes/schemas/localoutlier/inputDescription/schema.yaml
/n_neighbors/title		https://raw.githubusercontent.com/Geonovum-labs/ospd-dtaas-register/undefined/build/annotated/dtaas/ogcapi/processes/schemas/localoutlier/inputDescription/schema.yaml
/n_neighbors/description		https://raw.githubusercontent.com/Geonovum-labs/ospd-dtaas-register/undefined/build/annotated/dtaas/ogcapi/processes/schemas/localoutlier/inputDescription/schema.yaml
/n_neighbors/minOccurs		https://raw.githubusercontent.com/Geonovum-labs/ospd-dtaas-register/undefined/build/annotated/dtaas/ogcapi/processes/schemas/localoutlier/inputDescription/schema.yaml
/n_neighbors/maxOccurs		https://raw.githubusercontent.com/Geonovum-labs/ospd-dtaas-register/undefined/build/annotated/dtaas/ogcapi/processes/schemas/localoutlier/inputDescription/schema.yaml
/n_neighbors/schema		https://raw.githubusercontent.com/Geonovum-labs/ospd-dtaas-register/undefined/build/annotated/dtaas/ogcapi/processes/schemas/localoutlier/inputDescription/schema.yaml
/leaf_size		https://raw.githubusercontent.com/Geonovum-labs/ospd-dtaas-register/undefined/build/annotated/dtaas/ogcapi/processes/schemas/localoutlier/inputDescription/schema.yaml
/leaf_size/title		https://raw.githubusercontent.com/Geonovum-labs/ospd-dtaas-register/undefined/build/annotated/dtaas/ogcapi/processes/schemas/localoutlier/inputDescription/schema.yaml
/leaf_size/description		https://raw.githubusercontent.com/Geonovum-labs/ospd-dtaas-register/undefined/build/annotated/dtaas/ogcapi/processes/schemas/localoutlier/inputDescription/schema.yaml
/leaf_size/minOccurs		https://raw.githubusercontent.com/Geonovum-labs/ospd-dtaas-register/undefined/build/annotated/dtaas/ogcapi/processes/schemas/localoutlier/inputDescription/schema.yaml
/leaf_size/maxOccurs		https://raw.githubusercontent.com/Geonovum-labs/ospd-dtaas-register/undefined/build/annotated/dtaas/ogcapi/processes/schemas/localoutlier/inputDescription/schema.yaml
/leaf_size/schema		https://raw.githubusercontent.com/Geonovum-labs/ospd-dtaas-register/undefined/build/annotated/dtaas/ogcapi/processes/schemas/localoutlier/inputDescription/schema.yaml
/output_column		https://raw.githubusercontent.com/Geonovum-labs/ospd-dtaas-register/undefined/build/annotated/dtaas/ogcapi/processes/schemas/localoutlier/inputDescription/schema.yaml
/output_column/title		https://raw.githubusercontent.com/Geonovum-labs/ospd-dtaas-register/undefined/build/annotated/dtaas/ogcapi/processes/schemas/localoutlier/inputDescription/schema.yaml
/output_column/description		https://raw.githubusercontent.com/Geonovum-labs/ospd-dtaas-register/undefined/build/annotated/dtaas/ogcapi/processes/schemas/localoutlier/inputDescription/schema.yaml
/output_column/minOccurs		https://raw.githubusercontent.com/Geonovum-labs/ospd-dtaas-register/undefined/build/annotated/dtaas/ogcapi/processes/schemas/localoutlier/inputDescription/schema.yaml
/output_column/maxOccurs		https://raw.githubusercontent.com/Geonovum-labs/ospd-dtaas-register/undefined/build/annotated/dtaas/ogcapi/processes/schemas/localoutlier/inputDescription/schema.yaml
/output_column/schema		https://raw.githubusercontent.com/Geonovum-labs/ospd-dtaas-register/undefined/build/annotated/dtaas/ogcapi/processes/schemas/localoutlier/inputDescription/schema.yaml
